[
  {
    "countryCode": "AF",
    "countryName": "阿富汗"
  },
  {
    "countryCode": "AE",
    "countryName": "阿联酋"
  },
  {
    "countryCode": "AG",
    "countryName": "安提瓜和巴布达"
  },
  {
    "countryCode": "AI",
    "countryName": "安圭拉"
  },
  {
    "countryCode": "AL",
    "countryName": "阿尔巴尼亚"
  },
  {
    "countryCode": "AM",
    "countryName": "亚美尼亚"
  },
  {
    "countryCode": "AO",
    "countryName": "安哥拉"
  },
  {
    "countryCode": "AQ",
    "countryName": "南极洲"
  },
  {
    "countryCode": "AR",
    "countryName": "阿根廷"
  },
  {
    "countryCode": "AS",
    "countryName": "美属萨摩亚"
  },
  {
    "countryCode": "AT",
    "countryName": "奥地利"
  },
  {
    "countryCode": "AU",
    "countryName": "澳大利亚"
  },
  {
    "countryCode": "AW",
    "countryName": "阿鲁巴"
  },
  {
    "countryCode": "AX",
    "countryName": "奥兰"
  },
  {
    "countryCode": "AZ",
    "countryName": "阿塞拜疆"
  },
  {
    "countryCode": "BA",
    "countryName": "波黑"
  },
  {
    "countryCode": "BB",
    "countryName": "巴巴多斯"
  },
  {
    "countryCode": "BD",
    "countryName": "孟加拉国"
  },
  {
    "countryCode": "BE",
    "countryName": "比利时"
  },
  {
    "countryCode": "BF",
    "countryName": "布基纳法索"
  },
  {
    "countryCode": "BG",
    "countryName": "保加利亚"
  },
  {
    "countryCode": "BH",
    "countryName": "巴林"
  },
  {
    "countryCode": "BI",
    "countryName": "布隆迪"
  },
  {
    "countryCode": "BJ",
    "countryName": "贝宁"
  },
  {
    "countryCode": "BL",
    "countryName": "圣巴泰勒米"
  },
  {
    "countryCode": "BM",
    "countryName": "百慕大"
  },
  {
    "countryCode": "BN",
    "countryName": "文莱"
  },
  {
    "countryCode": "BO",
    "countryName": "玻利维亚"
  },
  {
    "countryCode": "BQ",
    "countryName": "加勒比荷兰"
  },
  {
    "countryCode": "BR",
    "countryName": "巴西"
  },
  {
    "countryCode": "BS",
    "countryName": "巴哈马"
  },
  {
    "countryCode": "BT",
    "countryName": "不丹"
  },
  {
    "countryCode": "BV",
    "countryName": "布维岛"
  },
  {
    "countryCode": "BW",
    "countryName": "博茨瓦纳"
  },
  {
    "countryCode": "BY",
    "countryName": "白俄罗斯"
  },
  {
    "countryCode": "BZ",
    "countryName": "伯利兹"
  },
  {
    "countryCode": "CA",
    "countryName": "加拿大"
  },
  {
    "countryCode": "CC",
    "countryName": "科科斯(基林)群岛"
  },
  {
    "countryCode": "CD",
    "countryName": "刚果（金）"
  },
  {
    "countryCode": "CF",
    "countryName": "中非"
  },
  {
    "countryCode": "CG",
    "countryName": "刚果（布）"
  },
  {
    "countryCode": "CH",
    "countryName": "瑞士"
  },
  {
    "countryCode": "CI",
    "countryName": "科特迪瓦"
  },
  {
    "countryCode": "CK",
    "countryName": "库克群岛"
  },
  {
    "countryCode": "CL",
    "countryName": "智利"
  },
  {
    "countryCode": "CM",
    "countryName": "喀麦隆"
  },
  {
    "countryCode": "CN",
    "countryName": "中国"
  },
  {
    "countryCode": "CO",
    "countryName": "哥伦比亚"
  },
  {
    "countryCode": "CR",
    "countryName": "哥斯达黎加"
  },
  {
    "countryCode": "CU",
    "countryName": "古巴"
  },
  {
    "countryCode": "CV",
    "countryName": "佛得角"
  },
  {
    "countryCode": "CW",
    "countryName": "库拉索"
  },
  {
    "countryCode": "CX",
    "countryName": "圣诞岛"
  },
  {
    "countryCode": "CY",
    "countryName": "塞浦路斯"
  },
  {
    "countryCode": "CZ",
    "countryName": "捷克"
  },
  {
    "countryCode": "DE",
    "countryName": "德国"
  },
  {
    "countryCode": "DJ",
    "countryName": "吉布提"
  },
  {
    "countryCode": "DK",
    "countryName": "丹麦"
  },
  {
    "countryCode": "DM",
    "countryName": "多米尼克"
  },
  {
    "countryCode": "DO",
    "countryName": "多米尼加共和国"
  },
  {
    "countryCode": "DZ",
    "countryName": "阿尔及利亚"
  },
  {
    "countryCode": "EC",
    "countryName": "厄瓜多尔"
  },
  {
    "countryCode": "EE",
    "countryName": "爱沙尼亚"
  },
  {
    "countryCode": "EG",
    "countryName": "埃及"
  },
  {
    "countryCode": "EH",
    "countryName": "阿拉伯撒哈拉民主共和国"
  },
  {
    "countryCode": "ER",
    "countryName": "厄立特里亚"
  },
  {
    "countryCode": "ES",
    "countryName": "西班牙"
  },
  {
    "countryCode": "ET",
    "countryName": "埃塞俄比亚"
  },
  {
    "countryCode": "FI",
    "countryName": "芬兰"
  },
  {
    "countryCode": "FJ",
    "countryName": "斐济"
  },
  {
    "countryCode": "FK",
    "countryName": "福克兰群岛(马尔维纳斯)"
  },
  {
    "countryCode": "FM",
    "countryName": "密克罗尼西亚联邦"
  },
  {
    "countryCode": "FO",
    "countryName": "法罗群岛"
  },
  {
    "countryCode": "FR",
    "countryName": "法国"
  },
  {
    "countryCode": "GA",
    "countryName": "加蓬"
  },
  {
    "countryCode": "GB",
    "countryName": "英国"
  },
  {
    "countryCode": "GD",
    "countryName": "格林纳达"
  },
  {
    "countryCode": "GE",
    "countryName": "格鲁吉亚"
  },
  {
    "countryCode": "GF",
    "countryName": "法属圭亚那"
  },
  {
    "countryCode": "GG",
    "countryName": "根西"
  },
  {
    "countryCode": "GH",
    "countryName": "加纳"
  },
  {
    "countryCode": "GI",
    "countryName": "直布罗陀"
  },
  {
    "countryCode": "GL",
    "countryName": "格陵兰"
  },
  {
    "countryCode": "GM",
    "countryName": "冈比亚"
  },
  {
    "countryCode": "GN",
    "countryName": "几内亚"
  },
  {
    "countryCode": "GP",
    "countryName": "瓜德罗普"
  },
  {
    "countryCode": "GQ",
    "countryName": "赤道几内亚"
  },
  {
    "countryCode": "GR",
    "countryName": "希腊"
  },
  {
    "countryCode": "GS",
    "countryName": "南乔治亚岛和南桑德韦奇岛"
  },
  {
    "countryCode": "GT",
    "countryName": "危地马拉"
  },
  {
    "countryCode": "GU",
    "countryName": "关岛"
  },
  {
    "countryCode": "GW",
    "countryName": "几内亚比绍"
  },
  {
    "countryCode": "GY",
    "countryName": "圭亚那"
  },
  {
    "countryCode": "HK",
    "countryName": "中国香港"
  },
  {
    "countryCode": "HM",
    "countryName": "赫德岛和麦克唐纳岛"
  },
  {
    "countryCode": "HN",
    "countryName": "洪都拉斯"
  },
  {
    "countryCode": "HR",
    "countryName": "克罗地亚"
  },
  {
    "countryCode": "HT",
    "countryName": "海地"
  },
  {
    "countryCode": "HU",
    "countryName": "匈牙利"
  },
  {
    "countryCode": "ID",
    "countryName": "印度尼西亚"
  },
  {
    "countryCode": "IE",
    "countryName": "爱尔兰"
  },
  {
    "countryCode": "IL",
    "countryName": "以色列"
  },
  {
    "countryCode": "IM",
    "countryName": "曼岛"
  },
  {
    "countryCode": "IN",
    "countryName": "印度"
  },
  {
    "countryCode": "IO",
    "countryName": "英属印度洋领土"
  },
  {
    "countryCode": "IQ",
    "countryName": "伊拉克"
  },
  {
    "countryCode": "IR",
    "countryName": "伊朗"
  },
  {
    "countryCode": "IS",
    "countryName": "冰岛"
  },
  {
    "countryCode": "IT",
    "countryName": "意大利"
  },
  {
    "countryCode": "JE",
    "countryName": "泽西"
  },
  {
    "countryCode": "JM",
    "countryName": "牙买加"
  },
  {
    "countryCode": "JO",
    "countryName": "约旦"
  },
  {
    "countryCode": "JP",
    "countryName": "日本"
  },
  {
    "countryCode": "KE",
    "countryName": "肯尼亚"
  },
  {
    "countryCode": "KG",
    "countryName": "吉尔吉斯斯坦"
  },
  {
    "countryCode": "KH",
    "countryName": "柬埔寨"
  },
  {
    "countryCode": "KI",
    "countryName": "基里巴斯"
  },
  {
    "countryCode": "KM",
    "countryName": "科摩罗"
  },
  {
    "countryCode": "KN",
    "countryName": "圣基茨和尼维斯"
  },
  {
    "countryCode": "KP",
    "countryName": "朝鲜"
  },
  {
    "countryCode": "KR",
    "countryName": "韩国"
  },
  {
    "countryCode": "KW",
    "countryName": "科威特"
  },
  {
    "countryCode": "KY",
    "countryName": "开曼群岛"
  },
  {
    "countryCode": "KZ",
    "countryName": "哈萨克斯坦"
  },
  {
    "countryCode": "LA",
    "countryName": "老挝"
  },
  {
    "countryCode": "LB",
    "countryName": "黎巴嫩"
  },
  {
    "countryCode": "LC",
    "countryName": "圣卢西亚"
  },
  {
    "countryCode": "LI",
    "countryName": "列支敦士登"
  },
  {
    "countryCode": "LK",
    "countryName": "斯里兰卡"
  },
  {
    "countryCode": "LR",
    "countryName": "利比里亚"
  },
  {
    "countryCode": "LS",
    "countryName": "莱索托"
  },
  {
    "countryCode": "LT",
    "countryName": "立陶宛"
  },
  {
    "countryCode": "LU",
    "countryName": "卢森堡"
  },
  {
    "countryCode": "LV",
    "countryName": "拉脱维亚"
  },
  {
    "countryCode": "LY",
    "countryName": "利比亚"
  },
  {
    "countryCode": "MA",
    "countryName": "摩洛哥"
  },
  {
    "countryCode": "MC",
    "countryName": "摩纳哥"
  },
  {
    "countryCode": "MD",
    "countryName": "摩尔多瓦"
  },
  {
    "countryCode": "ME",
    "countryName": "黑山"
  },
  {
    "countryCode": "MF",
    "countryName": "法属圣马丁"
  },
  {
    "countryCode": "MG",
    "countryName": "马达加斯加"
  },
  {
    "countryCode": "MH",
    "countryName": "马绍尔群岛"
  },
  {
    "countryCode": "MK",
    "countryName": "马其顿"
  },
  {
    "countryCode": "ML",
    "countryName": "马里"
  },
  {
    "countryCode": "MM",
    "countryName": "缅甸"
  },
  {
    "countryCode": "MN",
    "countryName": "蒙古"
  },
  {
    "countryCode": "MO",
    "countryName": "中国澳门"
  },
  {
    "countryCode": "MP",
    "countryName": "北马里亚纳"
  },
  {
    "countryCode": "MQ",
    "countryName": "马提尼克"
  },
  {
    "countryCode": "MR",
    "countryName": "毛里塔尼亚"
  },
  {
    "countryCode": "MS",
    "countryName": "蒙特塞拉特"
  },
  {
    "countryCode": "MT",
    "countryName": "马耳他"
  },
  {
    "countryCode": "MU",
    "countryName": "毛里求斯"
  },
  {
    "countryCode": "MV",
    "countryName": "马尔代夫"
  },
  {
    "countryCode": "MW",
    "countryName": "马拉维"
  },
  {
    "countryCode": "MX",
    "countryName": "墨西哥"
  },
  {
    "countryCode": "MY",
    "countryName": "马来西亚"
  },
  {
    "countryCode": "MZ",
    "countryName": "莫桑比克"
  },
  {
    "countryCode": "NA",
    "countryName": "纳米比亚"
  },
  {
    "countryCode": "NC",
    "countryName": "新喀里多尼亚"
  },
  {
    "countryCode": "NE",
    "countryName": "尼日尔"
  },
  {
    "countryCode": "NF",
    "countryName": "诺福克岛"
  },
  {
    "countryCode": "NG",
    "countryName": "尼日利亚"
  },
  {
    "countryCode": "NI",
    "countryName": "尼加拉瓜"
  },
  {
    "countryCode": "NL",
    "countryName": "荷兰"
  },
  {
    "countryCode": "NO",
    "countryName": "挪威"
  },
  {
    "countryCode": "NP",
    "countryName": "尼泊尔"
  },
  {
    "countryCode": "NR",
    "countryName": "瑙鲁"
  },
  {
    "countryCode": "NU",
    "countryName": "纽埃"
  },
  {
    "countryCode": "NZ",
    "countryName": "新西兰"
  },
  {
    "countryCode": "OM",
    "countryName": "阿曼"
  },
  {
    "countryCode": "PA",
    "countryName": "巴拿马"
  },
  {
    "countryCode": "PE",
    "countryName": "秘鲁"
  },
  {
    "countryCode": "PF",
    "countryName": "法属波利尼西亚"
  },
  {
    "countryCode": "PG",
    "countryName": "巴布亚新几内亚"
  },
  {
    "countryCode": "PH",
    "countryName": "菲律宾"
  },
  {
    "countryCode": "PK",
    "countryName": "巴基斯坦"
  },
  {
    "countryCode": "PL",
    "countryName": "波兰"
  },
  {
    "countryCode": "PM",
    "countryName": "圣皮埃尔和密克隆"
  },
  {
    "countryCode": "PN",
    "countryName": "皮特凯恩群岛"
  },
  {
    "countryCode": "PR",
    "countryName": "波多黎各"
  },
  {
    "countryCode": "PS",
    "countryName": "巴勒斯坦"
  },
  {
    "countryCode": "PT",
    "countryName": "葡萄牙"
  },
  {
    "countryCode": "PW",
    "countryName": "帕劳"
  },
  {
    "countryCode": "PY",
    "countryName": "巴拉圭"
  },
  {
    "countryCode": "QA",
    "countryName": "卡塔尔"
  },
  {
    "countryCode": "RE",
    "countryName": "留尼汪"
  },
  {
    "countryCode": "RO",
    "countryName": "罗马尼亚"
  },
  {
    "countryCode": "RS",
    "countryName": "塞尔维亚"
  },
  {
    "countryCode": "RU",
    "countryName": "俄罗斯联邦"
  },
  {
    "countryCode": "RW",
    "countryName": "卢旺达"
  },
  {
    "countryCode": "SA",
    "countryName": "沙特阿拉伯"
  },
  {
    "countryCode": "SB",
    "countryName": "所罗门群岛"
  },
  {
    "countryCode": "SC",
    "countryName": "塞舌尔"
  },
  {
    "countryCode": "SD",
    "countryName": "苏丹"
  },
  {
    "countryCode": "SE",
    "countryName": "瑞典"
  },
  {
    "countryCode": "SG",
    "countryName": "新加坡"
  },
  {
    "countryCode": "SH",
    "countryName": "圣赫勒拿"
  },
  {
    "countryCode": "SI",
    "countryName": "斯洛文尼亚"
  },
  {
    "countryCode": "SJ",
    "countryName": "挪威斯瓦尔巴群岛和扬马延岛"
  },
  {
    "countryCode": "SK",
    "countryName": "斯洛伐克"
  },
  {
    "countryCode": "SL",
    "countryName": "塞拉利昂"
  },
  {
    "countryCode": "SM",
    "countryName": "圣马力诺"
  },
  {
    "countryCode": "SN",
    "countryName": "塞内加尔"
  },
  {
    "countryCode": "SO",
    "countryName": "索马里"
  },
  {
    "countryCode": "SR",
    "countryName": "苏里南"
  },
  {
    "countryCode": "SS",
    "countryName": "南苏丹"
  },
  {
    "countryCode": "ST",
    "countryName": "圣多美和普林西比"
  },
  {
    "countryCode": "SV",
    "countryName": "萨尔瓦多"
  },
  {
    "countryCode": "SX",
    "countryName": "荷属安的列斯"
  },
  {
    "countryCode": "SY",
    "countryName": "叙利亚"
  },
  {
    "countryCode": "SZ",
    "countryName": "斯威士兰"
  },
  {
    "countryCode": "TC",
    "countryName": "特克斯科斯群岛"
  },
  {
    "countryCode": "TD",
    "countryName": "乍得"
  },
  {
    "countryCode": "TF",
    "countryName": "法属南部领土"
  },
  {
    "countryCode": "TG",
    "countryName": "多哥"
  },
  {
    "countryCode": "TH",
    "countryName": "泰国"
  },
  {
    "countryCode": "TJ",
    "countryName": "塔吉克斯坦"
  },
  {
    "countryCode": "TK",
    "countryName": "托克劳"
  },
  {
    "countryCode": "TL",
    "countryName": "东帝汶"
  },
  {
    "countryCode": "TM",
    "countryName": "土库曼斯坦"
  },
  {
    "countryCode": "TN",
    "countryName": "突尼斯"
  },
  {
    "countryCode": "TO",
    "countryName": "汤加"
  },
  {
    "countryCode": "TR",
    "countryName": "土耳其"
  },
  {
    "countryCode": "TT",
    "countryName": "特立尼达和多巴哥"
  },
  {
    "countryCode": "TV",
    "countryName": "图瓦卢"
  },
  {
    "countryCode": "TW",
    "countryName": "中国台湾"
  },
  {
    "countryCode": "TZ",
    "countryName": "坦桑尼亚"
  },
  {
    "countryCode": "UA",
    "countryName": "乌克兰"
  },
  {
    "countryCode": "UG",
    "countryName": "乌干达"
  },
  {
    "countryCode": "UM",
    "countryName": "美国本土外小岛屿"
  },
  {
    "countryCode": "US",
    "countryName": "美国"
  },
  {
    "countryCode": "UY",
    "countryName": "乌拉圭"
  },
  {
    "countryCode": "UZ",
    "countryName": "乌兹别克斯坦"
  },
  {
    "countryCode": "VA",
    "countryName": "梵蒂冈"
  },
  {
    "countryCode": "VC",
    "countryName": "圣文森特和格林纳丁斯"
  },
  {
    "countryCode": "VE",
    "countryName": "委内瑞拉"
  },
  {
    "countryCode": "VG",
    "countryName": "英属维尔京群岛"
  },
  {
    "countryCode": "VI",
    "countryName": "美属维尔京群岛"
  },
  {
    "countryCode": "VN",
    "countryName": "越南"
  },
  {
    "countryCode": "VU",
    "countryName": "瓦努阿图"
  },
  {
    "countryCode": "WF",
    "countryName": "瓦利斯和富图纳"
  },
  {
    "countryCode": "WS",
    "countryName": "萨摩亚"
  },
  {
    "countryCode": "YE",
    "countryName": "也门"
  },
  {
    "countryCode": "YT",
    "countryName": "马约特"
  },
  {
    "countryCode": "ZA",
    "countryName": "南非"
  },
  {
    "countryCode": "ZM",
    "countryName": "赞比亚"
  },
  {
    "countryCode": "ZW",
    "countryName": "津巴布韦"
  },
  {
    "countryCode": "AD",
    "countryName": "安道尔"
  }
]